clienteID,territorioID,primer_nombre,segundo_nombre,apellidos,fecha_nacimiento,estado_matrimonial,genero,ingresos_anuales,numero_hijos,casa_en_propiedad,coche_en_propiedad
11000,9,Jon,V,Yang,1971-10-06,M,M,90000,2,1,0
11001,9,Eugene,L,Huang,1976-05-10,S,M,60000,3,0,1
11002,9,Ruben,NULL,Torres,1971-02-09,M,M,60000,3,1,1
11003,9,Christy,NULL,Zhu,1973-08-14,S,F,70000,0,0,1
11004,9,Elizabeth,NULL,Johnson,1979-08-05,S,F,80000,5,1,4
11005,9,Julio,NULL,Ruiz,1976-08-01,S,M,70000,0,1,1
11006,9,Janet,G,Alvarez,1976-12-02,S,F,70000,0,1,1
11007,9,Marco,NULL,Mehta,1969-11-06,M,M,60000,3,1,2
11008,9,Rob,NULL,Verhoff,1975-07-04,S,F,60000,4,1,3
11009,9,Shannon,C,Carlson,1969-09-29,S,M,70000,0,0,1
11010,9,Jacquelyn,C,Suarez,1969-08-05,S,F,70000,0,0,1
11011,9,Curtis,NULL,Lu,1969-05-03,M,M,60000,4,1,4
11012,1,Lauren,M,Walker,1979-01-14,M,F,100000,2,1,2
11013,1,Ian,M,Jenkins,1979-08-03,M,M,100000,2,1,3
11014,1,Sydney,NULL,Bennett,1973-11-06,S,F,100000,3,0,3
11015,4,Chloe,NULL,Young,1984-08-26,S,F,30000,0,0,1
11016,4,Wyatt,L,Hill,1984-10-25,M,M,30000,0,1,1
11017,9,Shannon,NULL,Wang,1949-12-24,S,F,20000,4,1,2
11018,9,Clarence,D,Rai,1955-10-06,S,M,30000,2,1,2
11019,6,Luke,L,Lal,1983-09-04,S,M,40000,0,0,2
11020,6,Jordan,C,King,1984-03-19,S,M,40000,0,0,2
11021,1,Destiny,NULL,Wilson,1984-03-02,S,F,40000,0,0,1
11022,1,Ethan,G,Zhang,1984-04-10,M,M,40000,0,1,1
11023,4,Seth,M,Edwards,1984-04-09,M,M,40000,0,1,1
11024,4,Russell,NULL,Xie,1984-03-16,M,M,60000,0,1,2
11025,9,Alejandro,NULL,Beck,1951-06-22,M,M,10000,2,1,2
11026,9,Harold,NULL,Sai,1951-10-01,S,M,30000,2,0,2
11027,9,Jessie,R,Zhao,1952-06-05,M,M,30000,2,1,2
11028,9,Jill,NULL,Jimenez,1951-10-09,M,F,30000,2,1,2
11029,9,Jimmy,L,Moreno,1952-06-19,M,M,30000,2,1,2
11030,9,Bethany,G,Yuan,1958-02-18,M,F,10000,2,1,2
11031,9,Theresa,G,Ramos,1953-02-18,M,F,20000,4,1,2
11032,9,Denise,NULL,Stone,1952-12-08,M,F,20000,4,1,2
11033,9,Jaime,NULL,Nath,1958-09-19,M,M,20000,4,1,2
11034,9,Ebony,NULL,Gonzalez,1952-12-16,M,F,20000,4,1,2
11035,9,Wendy,NULL,Dominguez,1953-08-23,M,F,10000,2,1,2
11036,4,Jennifer,C,Russell,1984-06-16,M,F,60000,0,1,2
11037,6,Chloe,M,Garcia,1983-05-27,S,F,40000,0,0,2
11038,9,Diana,F,Hernandez,1953-09-20,M,F,10000,2,1,2
11039,9,Marc,J,Martin,1954-06-16,M,M,30000,3,1,2
11040,1,Jesse,NULL,Murphy,1983-01-29,M,M,30000,0,1,2
11041,4,Amanda,M,Carter,1983-04-15,M,F,60000,0,1,2
11042,4,Megan,J,Sanchez,1982-12-11,M,F,70000,0,1,2
11043,4,Nathan,M,Simmons,1981-08-23,M,M,60000,0,1,2
11044,9,Adam,L,Flores,1954-11-21,M,M,20000,2,1,2
11045,9,Leonard,G,Nara,1955-11-16,S,M,30000,3,0,2
11046,9,Christine,NULL,Yuan,1955-09-19,M,F,30000,3,1,2
11047,9,Jaclyn,D,Lu,1955-08-27,M,F,30000,3,0,2
11048,9,Jeremy,NULL,Powell,1956-05-21,M,M,30000,3,1,2
11049,4,Carol,C,Rai,1986-01-15,S,F,40000,0,1,2
11050,9,Alan,NULL,Zheng,1957-03-06,M,M,30000,3,1,2
11051,9,Daniel,NULL,Johnson,1957-01-31,S,M,30000,3,0,2
11052,9,Heidi,NULL,Lopez,1957-02-03,S,F,40000,2,0,2
11053,4,Ana,E,Price,1986-02-17,M,F,60000,0,0,2
11054,9,Deanna,NULL,Munoz,1957-09-07,M,F,40000,2,1,2
11055,9,Gilbert,NULL,Raje,1957-09-02,M,M,40000,2,1,2
11056,9,Michele,L,Nath,1958-10-01,M,F,40000,3,1,2
11057,9,Carl,J,Andersen,1970-04-07,M,M,70000,2,1,2
11058,9,Marc,NULL,Diaz,1965-04-23,M,M,80000,2,1,2
11059,9,Ashlee,J,Andersen,1959-09-29,S,F,80000,2,1,2
11060,9,Jon,L,Zhou,1959-09-14,M,M,80000,2,1,2
11061,9,Todd,M,Gao,1976-02-20,M,M,80000,2,1,2
11062,1,Noah,D,Powell,1981-03-01,M,M,40000,0,1,2
11063,1,Angela,NULL,Murphy,1980-10-04,S,F,40000,0,1,2
11064,4,Chase,NULL,Reed,1981-06-05,M,M,40000,0,1,2
11065,4,Jessica,NULL,Henderson,1979-04-08,M,F,60000,0,0,2
11066,1,Grace,T,Butler,1979-05-27,M,F,70000,0,1,2
11067,1,Caleb,F,Carter,1982-03-25,S,M,60000,0,1,2
11068,9,Tiffany,NULL,Liang,1966-09-19,S,F,80000,2,1,2
11069,9,Carolyn,NULL,Navarro,1966-09-17,S,F,80000,2,0,2
11070,9,Willie,T,Raji,1960-10-02,M,M,80000,2,1,2
11071,9,Linda,NULL,Serrano,1960-12-23,S,F,80000,2,1,2
11072,9,Casey,NULL,Luo,1960-08-05,S,F,80000,2,0,2
11073,9,Amy,NULL,Ye,1962-02-11,S,F,70000,2,1,2
11074,9,Levi,A,Arun,1962-02-25,S,M,70000,2,1,2
11075,9,Felicia,L,Jimenez,1963-05-16,S,F,80000,2,1,2
11076,9,Blake,NULL,Anderson,1963-01-10,S,M,80000,2,1,2
11077,9,Leah,NULL,Ye,1963-03-19,S,F,80000,2,0,2
11078,6,Gina,E,Martin,1985-01-06,S,F,40000,0,0,2
11079,9,Donald,NULL,Gonzalez,1970-03-07,S,M,160000,0,1,2
11080,9,Damien,NULL,Chander,1965-01-13,M,M,170000,0,1,2
11081,4,Savannah,C,Baker,1972-01-21,M,F,120000,2,1,3
11082,4,Angela,L,Butler,1972-02-01,S,F,130000,0,0,3
11083,4,Alyssa,F,Cox,1977-03-11,M,F,130000,0,1,3
11084,1,Lucas,NULL,Phillips,1963-03-12,S,M,80000,2,0,2
11085,4,Emily,NULL,Johnson,1963-01-16,S,F,60000,2,0,2
11086,4,Ryan,NULL,Brown,1963-06-22,M,M,70000,2,1,0
11087,4,Tamara,L,Liang,1963-04-02,M,F,70000,3,0,0
11088,4,Hunter,NULL,Davis,1963-05-25,M,M,80000,2,1,0
11089,4,Abigail,M,Price,1962-08-05,S,F,80000,2,1,1
11090,4,Trevor,NULL,Bryant,1968-12-13,S,M,90000,2,1,1
11091,6,Dalton,NULL,Perez,1962-10-02,M,M,90000,2,1,1
11092,9,Cheryl,A,Diaz,1972-11-02,M,F,90000,2,1,0
11093,9,Aimee,A,He,1978-09-06,M,F,100000,0,1,0
11094,9,Cedric,W,Ma,1967-09-29,S,M,70000,1,0,1
11095,9,Chad,NULL,Kumar,1968-02-29,S,M,70000,1,1,1
11096,9,AndrÃ©s,NULL,Anand,1968-02-07,M,M,60000,1,1,1
11097,9,Edwin,R,Nara,1972-10-23,M,M,60000,1,1,1
11098,9,Mallory,S,Rubio,1966-10-29,S,F,60000,1,0,1
11099,9,Adam,NULL,Ross,1966-09-05,M,M,60000,1,1,1
11100,9,Latasha,L,Navarro,1966-03-15,S,F,60000,1,1,1
11101,9,Abby,L,Sai,1970-11-05,S,F,70000,0,0,1
11102,9,Julia,L,Nelson,1970-10-19,S,F,80000,5,1,4
11103,9,Cassie,NULL,Chande,1981-04-12,S,F,70000,0,1,1
11104,9,Edgar,A,Sara,1975-03-08,M,M,70000,0,0,1
11105,9,Candace,NULL,Fernandez,1970-06-27,S,F,70000,0,0,1
11106,9,Jessie,NULL,Liu,1970-03-11,S,M,70000,0,0,1
11107,9,Bianca,NULL,Lin,1976-03-04,M,F,90000,1,1,1
11108,9,Kari,C,Alvarez,1969-01-10,S,F,70000,0,0,2
11109,9,Ruben,D,Kapoor,1980-04-30,S,M,70000,0,0,2
11110,9,Curtis,NULL,Yang,1967-12-04,M,M,60000,1,1,1
11111,9,Meredith,T,Gutierrez,1967-08-23,M,F,60000,1,1,1
11112,9,Crystal,C,Wang,1968-03-08,M,F,60000,1,1,1
11113,9,Micheal,A,Blanco,1973-02-17,M,M,70000,5,1,2
11114,9,Leslie,C,Moreno,1967-11-25,S,F,70000,5,1,2
11115,9,Alvin,D,Cai,1967-08-12,M,M,70000,5,1,2
11116,9,Clinton,E,Carlson,1979-04-02,M,M,70000,5,1,2
11117,9,April,NULL,Deng,1966-08-21,M,F,70000,5,1,3
11118,9,Alvin,M,Zeng,1962-12-31,S,M,80000,1,0,1
11119,9,Evan,V,James,1940-10-07,S,M,30000,2,0,2
11120,9,Beth,H,JimÃ©nez,1942-02-06,S,F,40000,2,1,1
11121,9,Orlando,NULL,Suarez,1966-05-18,M,M,70000,5,1,3
11122,9,Byron,NULL,Vazquez,1965-09-30,M,M,70000,5,1,3
11123,9,Philip,A,Alvarez,1965-12-18,M,M,70000,5,1,3
11124,9,Ross,F,Jordan,1968-07-23,S,M,80000,1,1,1
11125,9,Dana,J,Navarro,1961-10-06,S,F,70000,1,1,1
11126,9,Shaun,NULL,Carson,1954-10-05,M,M,10000,2,0,2
11127,4,Jan,NULL,Edwards,1981-04-19,M,F,40000,0,1,1
11128,1,Samantha,NULL,Long,1981-06-03,M,F,40000,0,1,1
11129,1,Julia,M,Wright,1981-02-01,S,F,40000,0,1,1
11130,1,Caroline,L,Russell,1985-07-05,M,F,30000,0,1,2
11131,6,Amanda,NULL,Rivera,1985-09-09,M,F,30000,0,0,2
11132,6,Melissa,E,Richardson,1986-04-25,S,F,30000,0,0,2
11133,1,Angela,NULL,Griffin,1986-03-08,S,F,30000,0,0,2
11134,9,Larry,D,Townsend,1957-02-22,S,M,10000,5,1,2
11135,4,Marcus,L,Harris,1985-05-02,S,M,30000,0,0,2
11136,6,Brianna,D,Morgan,1984-04-24,S,F,40000,0,0,2
11137,1,Jasmine,A,Taylor,1984-01-17,M,F,40000,0,1,2
11138,4,Lauren,NULL,Davis,1984-03-14,M,F,40000,0,0,2
11139,9,Tanya,NULL,Moreno,1949-11-05,S,F,30000,2,0,2
11140,4,Javier,L,Alvarez,1982-08-11,S,M,30000,0,0,2
11141,4,Nicole,NULL,Ramirez,1982-12-19,M,F,40000,0,0,2
11142,6,Eduardo,NULL,Patterson,1983-02-11,S,M,40000,0,0,2
11143,4,Jonathan,M,Henderson,1982-08-04,M,M,40000,0,1,2
11144,1,Edward,NULL,Hernandez,1985-03-08,S,M,40000,0,0,2
11145,1,Jasmine,L,Coleman,1985-06-06,S,F,40000,0,0,2
11146,9,Karla,L,Goel,1945-02-22,S,F,40000,2,1,2
11147,9,Ernest,L,Wu,1944-08-04,M,M,60000,2,1,1
11148,9,Ross,NULL,Vazquez,1947-02-13,M,M,40000,2,1,2
11149,9,Theodore,NULL,Gill,1946-10-18,M,M,40000,2,1,2
11150,9,Russell,M,Shen,1946-09-12,S,M,40000,2,1,2
11151,9,Melinda,G,Gill,1947-08-25,S,F,60000,2,0,1
11152,1,James,J,Williams,1981-07-09,S,M,40000,0,1,2
11153,1,Angela,R,James,1981-12-21,M,F,40000,0,1,2
11154,1,Megan,G,Walker,1982-02-18,S,F,40000,0,1,1
11155,4,Hunter,J,Robinson,1981-07-25,S,M,40000,0,0,1
11156,4,Maria,NULL,Roberts,1981-08-06,S,F,40000,0,0,1
11157,1,Hannah,E,Long,1980-12-08,M,F,40000,0,1,2
11158,4,Jason,K,Wright,1981-04-06,S,M,40000,0,1,2
11159,4,Brianna,A,Hughes,1981-03-16,S,F,40000,0,0,2
11160,4,Maurice,M,Tang,1979-07-08,S,M,40000,0,0,1
11161,4,Emily,NULL,Wood,1979-10-20,S,F,40000,0,0,1
11162,4,Chase,NULL,Cox,1979-09-02,S,M,40000,0,1,1
11163,4,Gabriel,NULL,Wang,1980-06-18,M,M,40000,0,1,1
11164,4,Devin,NULL,Brooks,1979-11-02,S,M,40000,0,0,1
11165,4,Jocelyn,NULL,Alexander,1979-01-15,M,F,60000,0,0,1
11166,1,Ashley,NULL,Martinez,1977-10-22,S,F,70000,0,0,2
11167,1,Jasmine,J,Barnes,1978-01-29,S,F,80000,0,0,1
11168,4,David,NULL,Rodriguez,1973-11-12,S,M,80000,0,0,1
11169,4,Bryce,NULL,Richardson,1973-12-20,M,M,90000,4,1,1
11170,1,Carol,T,Howard,1973-08-04,M,F,90000,4,1,1
11171,4,Jonathan,E,Hill,1978-10-05,S,M,100000,1,1,2
11172,1,Gabrielle,J,Adams,1973-05-20,M,F,100000,1,1,2
11173,1,Sarah,F,Thomas,1973-02-28,S,F,110000,0,0,4
11174,4,Nicholas,NULL,Robinson,1973-01-09,M,M,110000,0,1,0
11175,4,Luis,NULL,Wang,1968-09-01,S,M,70000,0,1,2
11176,6,Mason,D,Roberts,1979-01-21,M,M,90000,4,1,1
11177,4,Jose,M,Flores,1948-01-01,M,M,110000,2,1,2
11178,4,Nathan,J,Johnson,1954-08-20,M,M,100000,2,1,3
11179,4,Molly,E,Rodriguez,1959-12-08,M,F,120000,2,1,3
11180,4,April,NULL,Anand,1948-07-01,M,F,160000,1,1,4
11181,4,Devin,P,Martin,1960-02-01,M,M,170000,2,1,2
11182,1,Stephanie,NULL,Torres,1950-02-22,S,F,70000,4,1,2
11183,4,Jasmine,W,Lee,1950-01-12,S,F,70000,4,1,2
11184,4,Meghan,NULL,Hernandez,1955-11-13,S,F,70000,4,1,2
11185,6,Ashley,NULL,Henderson,1950-04-07,S,F,70000,4,1,2
11186,4,Sarah,C,Price,1949-11-18,S,F,70000,4,1,2
11187,1,Jennifer,S,Cooper,1949-08-21,M,F,60000,4,1,2
11188,4,Catherine,NULL,Morris,1950-03-06,M,F,60000,4,0,2
11189,1,Lawrence,W,Blanco,1950-01-12,S,M,60000,4,1,2
11190,4,Carson,NULL,Bryant,1949-12-20,M,M,70000,5,1,2
11191,4,Kristi,E,Perez,1951-06-17,S,F,70000,5,1,3
11192,1,James,C,Brown,1951-03-13,M,M,60000,4,1,2
11193,1,Ian,A,Gray,1950-08-13,M,M,60000,4,1,2
11194,4,Jacqueline,R,Price,1950-12-08,M,F,60000,4,1,2
11195,1,Megan,NULL,Henderson,1951-08-10,M,F,60000,5,1,3
11196,1,Alfredo,NULL,Romero,1951-12-05,M,M,60000,5,1,3
11197,1,Andrea,NULL,Morris,1951-12-16,M,F,70000,3,0,1
11198,4,Brooke,NULL,Sanders,1952-05-25,S,F,70000,4,1,1
11199,4,Jacqueline,NULL,Bennett,1957-11-02,M,F,70000,4,1,1
11200,6,Jason,L,Griffin,1953-05-21,M,M,70000,4,1,1
11201,4,Amanda,NULL,Foster,1953-02-14,M,F,70000,4,1,1
11202,4,Alexia,L,Price,1958-08-22,M,F,80000,5,0,2
11203,6,Luis,D,Diaz,1959-08-18,M,M,40000,2,1,2
11204,1,Destiny,C,Rivera,1953-11-29,M,F,40000,2,1,2
11205,1,Abby,NULL,Fernandez,1954-01-21,M,F,40000,2,1,2
11206,1,Blake,NULL,Flores,1954-03-24,M,M,60000,2,1,1
11207,1,Danielle,NULL,Cox,1954-01-16,S,F,60000,2,1,1
11208,4,Maria,NULL,Reed,1953-08-03,M,F,60000,2,1,0
11209,4,Allison,NULL,Evans,1953-07-12,M,F,60000,2,1,0
11210,4,Edward,J,Wood,1953-12-06,M,M,70000,4,1,2
11211,6,Samantha,NULL,Russell,1960-10-08,M,F,40000,2,1,2
11212,6,Chloe,NULL,Campbell,1955-05-05,M,F,40000,2,1,2
11213,1,Stephanie,B,Murphy,1954-11-11,S,F,60000,2,1,2
11214,1,Charles,O,Miller,1955-05-07,S,M,60000,2,1,2
11215,6,Ana,NULL,Perry,1961-06-17,M,F,40000,2,1,2
11216,1,Jasmine,A,Torres,1955-11-17,S,F,60000,2,1,2
11217,1,Natalie,P,Adams,1955-08-11,S,F,60000,2,1,2
11218,1,Olivia,NULL,Brown,1961-09-07,S,F,60000,2,0,2
11219,1,Charles,NULL,Cook,1956-05-31,M,M,60000,2,1,2
11220,4,Erica,C,Huang,1961-02-19,M,F,60000,2,1,1
11221,4,Nathan,NULL,Perry,1955-12-08,M,M,70000,4,1,1
11222,4,Alexandra,NULL,Rivera,1956-02-14,M,F,80000,3,1,1
11223,6,Hailey,I,Patterson,1957-03-15,S,F,70000,2,1,2
11224,1,Tiffany,J,Li,1957-03-05,S,F,70000,2,1,2
11225,1,Madison,D,Lee,1962-02-12,M,F,60000,2,1,1
11226,1,Sydney,T,Ross,1962-09-23,M,F,60000,2,1,1
11227,4,Marshall,D,Chavez,1962-08-08,S,M,60000,2,1,2
11228,4,Ashley,R,Jones,1956-10-16,M,F,60000,2,1,2
11229,4,Adrian,C,Stewart,1957-06-01,S,M,70000,4,1,1
11230,4,Amber,NULL,Turner,1956-09-30,M,F,70000,4,0,2
11231,1,Dennis,NULL,Zhang,1963-11-11,M,M,60000,2,1,2
11232,1,Hailey,R,Bryant,1958-03-27,M,F,60000,3,0,2
11233,4,Todd,NULL,Li,1963-09-06,M,M,70000,4,1,2
11234,4,Anna,NULL,Griffin,1958-05-19,S,F,70000,4,1,2
11235,1,Angel,J,Stewart,1957-08-07,M,M,70000,4,1,2
11236,1,Jeremy,NULL,Butler,1957-09-02,S,M,70000,5,1,2
11237,8,Clarence,M,Anand,1964-03-22,S,M,130000,2,0,4
11238,10,Mayra,NULL,Prasad,1964-02-07,S,F,130000,2,0,4
11239,10,Latoya,C,Goel,1969-10-02,M,F,130000,2,0,2
11240,10,Anne,B,Hernandez,1964-06-09,M,F,160000,2,1,4
11241,7,Lisa,NULL,Cai,1974-04-06,S,F,100000,2,1,4
11242,7,Larry,NULL,Munoz,1963-05-11,M,M,110000,2,1,3
11243,10,Robin,V,Alvarez,1963-04-08,M,F,150000,2,1,3
11244,10,Alexis,M,Coleman,1968-11-22,S,F,170000,2,0,3
11245,8,Ricky,D,Vazquez,1962-04-26,M,M,120000,3,0,4
11246,8,Latasha,NULL,Rubio,1962-04-08,M,F,120000,3,0,4
11247,10,Claudia,M,Zhou,1961-12-04,S,F,130000,3,0,3
11248,7,Tristan,P,Alexander,1966-03-22,M,M,110000,3,1,4
11249,8,Cindy,A,Patel,1966-07-09,M,F,130000,3,1,3
11250,10,Shannon,D,Liu,1966-03-08,M,F,170000,3,1,2
11251,6,Xavier,NULL,Long,1938-01-01,S,M,30000,4,0,2
11252,4,Nicholas,D,Thompson,1937-12-05,S,M,90000,3,1,1
11253,6,JosÃ©,M,Hernandez,1949-08-24,M,M,60000,2,1,2
11254,1,Johnathan,W,Vance,1938-08-31,M,M,70000,4,1,2
11255,1,Colin,NULL,Lin,1938-10-02,M,M,70000,4,1,2
11256,1,Katelyn,L,Hernandez,1939-03-20,M,F,70000,4,1,2
11257,4,Jacqueline,NULL,Powell,1938-07-06,S,F,120000,1,1,4
11258,4,Xavier,NULL,Hill,1938-12-26,M,M,120000,1,1,4
11259,1,Victoria,C,Stewart,1970-09-24,M,F,100000,4,1,4
11260,4,Katelyn,L,Kelly,1976-04-08,M,F,110000,2,1,3
11261,4,Stephanie,NULL,Collins,1970-10-22,M,F,130000,1,1,1
11262,6,Jennifer,NULL,Simmons,1975-05-01,M,F,80000,4,1,0
11263,1,Trinity,NULL,Richardson,1970-03-11,M,F,90000,5,1,3
11264,1,Eduardo,NULL,Martin,1969-12-15,S,M,90000,5,0,3
11265,1,Elizabeth,P,Jones,1970-01-10,M,F,90000,5,1,3
11266,1,Taylor,NULL,Howard,1969-11-02,S,F,90000,0,0,1
11267,4,David,NULL,Diaz,1975-09-29,S,M,120000,4,1,4
11268,4,Katelyn,A,Carter,1969-10-31,M,F,130000,2,1,2
11269,4,Ryan,W,Foster,1975-10-10,M,M,130000,2,1,2
11270,4,Robert,L,Lee,1975-05-01,M,M,130000,2,1,3
11271,4,Danielle,C,Reed,1969-12-03,S,F,150000,2,0,4
11272,4,Lauren,L,Martinez,1962-05-10,S,F,70000,4,1,0
11273,4,Nathan,E,Lal,1962-03-31,M,M,90000,2,1,0
11274,1,Kyle,M,Foster,1939-10-10,M,M,50000,2,1,2
11275,4,Jenny,D,Rai,1939-07-18,M,F,80000,4,1,2
11276,6,Nancy,E,Chapman,1974-09-15,M,F,80000,4,1,2
11277,6,Charles,P,Jackson,1968-12-07,M,M,80000,4,1,2
11278,1,Jonathan,NULL,Phillips,1969-02-16,S,M,90000,0,0,1
11279,1,Amanda,S,Cook,1974-09-08,M,F,90000,0,1,1
11280,1,Robert,NULL,Collins,1969-02-17,M,M,90000,0,1,1
11281,4,Megan,J,Barnes,1974-10-06,S,F,110000,4,1,4
11282,1,Christian,A,Thomas,1967-07-16,M,M,90000,5,1,4
11283,4,Arturo,NULL,Lal,1968-04-24,M,M,110000,1,1,2
11284,4,Theresa,NULL,Serrano,1967-09-24,M,F,110000,1,1,2
11285,4,Jeremy,J,Anderson,1973-03-15,M,M,120000,1,0,4
11286,4,Hunter,D,Griffin,1967-08-31,M,M,170000,0,1,4
11287,6,Henry,B,Garcia,1966-07-16,M,M,70000,5,0,3
11288,4,Cindy,K,Sanchez,1978-03-12,M,F,110000,1,1,3
11289,4,Maria,S,Carter,1972-03-03,M,F,130000,1,1,1
11290,4,Katelyn,NULL,Sanchez,1972-08-14,M,F,130000,1,1,3
11291,4,Jenna,NULL,Wright,1972-05-01,M,F,130000,1,1,3
11292,4,Seth,NULL,Phillips,1967-05-05,S,M,150000,1,0,3
11293,1,Luke,S,Long,1960-11-23,S,M,60000,2,0,2
11294,1,Dalton,P,Clark,1961-03-02,M,M,60000,2,0,2
11295,4,Taylor,G,Lewis,1959-11-13,S,F,80000,2,1,2
11296,1,Haley,NULL,Richardson,1941-04-05,S,F,50000,2,1,2
11297,4,Noah,NULL,Coleman,1940-08-01,S,M,70000,4,1,2
11298,4,Jon,NULL,Luo,1940-08-30,M,M,70000,4,1,2
11299,4,Orlando,E,Vazquez,1941-09-29,M,M,70000,4,1,2
11300,6,Fernando,NULL,Barnes,1965-08-31,M,M,80000,5,0,3
11301,1,Cameron,L,Rodriguez,1965-12-07,M,M,80000,5,1,4
11302,1,Spencer,NULL,Russell,1971-12-09,S,M,90000,4,0,3
11303,1,Julia,NULL,Coleman,1966-04-10,S,F,90000,4,0,3
11304,1,Julia,B,Garcia,1971-03-14,M,F,100000,0,1,0
11305,4,Sean,A,Evans,1965-12-17,M,M,110000,3,0,4
11306,4,Micah,A,Zhou,1965-12-20,M,M,110000,3,0,4
11307,4,Hunter,P,Rodriguez,1965-10-31,M,M,80000,2,1,2
11308,1,Ian,T,Gonzales,1959-09-02,M,M,60000,2,0,2
11309,1,Victoria,NULL,Lewis,1959-12-10,S,F,60000,2,1,2
11310,4,Erin,A,Sanders,1964-07-05,S,F,70000,3,1,2
11311,1,Gabrielle,D,Lopez,1959-02-21,S,F,70000,3,0,2
11312,1,Sara,NULL,Richardson,1958-10-01,S,F,70000,3,1,2
11313,1,Trevor,NULL,Jenkins,1958-08-27,S,M,70000,3,1,2
11314,1,Mya,NULL,Flores,1970-06-16,S,F,70000,3,0,2
11315,1,Hailey,J,Ward,1959-03-31,S,F,70000,3,0,2
11316,6,Luke,NULL,Allen,1959-05-17,M,M,60000,3,1,2
11317,1,Victoria,D,Russell,1963-09-14,S,F,40000,3,0,2
11318,1,Jessica,NULL,Wilson,1958-04-25,S,F,40000,3,0,2
11319,4,Jade,E,Bailey,1948-04-23,M,F,70000,4,0,2
11320,4,Morgan,M,Hill,1942-12-24,M,F,80000,4,1,2
11321,1,Terrance,D,Raman,1944-01-05,M,M,90000,5,1,2
11322,1,Sydney,NULL,Garcia,1943-09-12,M,F,90000,5,1,2
11323,4,Jose,NULL,Patterson,1943-12-18,S,M,120000,2,1,3
11324,4,Zachary,NULL,Anderson,1944-11-10,M,M,90000,5,1,2
11325,1,Elijah,E,Ross,1944-12-29,S,M,90000,5,1,2
11326,4,Rafael,M,Xie,1944-12-23,M,M,130000,2,1,4
11327,4,Jaime,C,Moreno,1945-09-01,M,M,90000,5,1,2
11328,6,Julian,M,Griffin,1945-06-30,M,M,90000,5,1,2
11329,4,Andy,NULL,Alvarez,1946-01-22,S,M,90000,5,1,2
11330,6,Ryan,M,Thompson,1945-11-10,M,M,110000,2,1,1
11331,6,Samantha,NULL,Jenkins,1974-01-03,M,F,90000,4,1,2
11332,8,Deanna,D,Ramos,1968-04-02,S,F,10000,1,1,0
11333,10,Emily,R,Miller,1968-01-07,M,F,20000,1,1,0
11334,10,Nicole,NULL,Brown,1966-09-19,M,F,10000,1,1,0
11335,8,Carla,L,Raman,1977-12-18,M,F,10000,1,1,0
11336,7,Shaun,NULL,Raji,1973-03-08,M,M,20000,1,1,0
11337,10,Jerome,NULL,Romero,1967-03-21,M,M,10000,1,1,0
11338,8,Frank,F,Navarro,1972-08-06,M,M,20000,1,1,0
11339,7,Dennis,M,She,1967-01-05,S,M,20000,1,1,0
11340,7,Melody,C,Munoz,1947-04-03,M,F,10000,1,1,0
11341,10,Randy,A,Zeng,1942-02-18,M,M,20000,1,1,0
11342,7,Marshall,L,Wang,1973-03-07,M,M,30000,5,1,0
11343,10,Arthur,P,Carlson,1975-03-09,M,M,10000,1,1,0
11344,10,Jessie,NULL,Jimenez,1963-01-21,M,F,10000,1,1,0
11345,7,Robin,NULL,Ramos,1962-09-09,S,F,10000,1,1,0
11346,7,Deanna,E,Gutierrez,1966-05-18,S,F,10000,2,1,1
11347,8,Roy,T,Navarro,1972-06-17,M,M,10000,2,1,1
11348,8,Shawn,NULL,Rai,1961-03-21,M,M,10000,2,1,1
11349,8,Mindy,J,Luo,1965-08-30,M,F,10000,2,1,1
11350,10,Cara,NULL,Zhou,1942-07-14,M,F,30000,1,1,0
11351,10,Anne,R,Ramos,1950-04-02,S,F,20000,1,1,0
11352,7,Raymond,A,Rodriguez,1945-09-04,M,M,10000,2,1,1
11353,10,Carrie,L,Ortega,1946-12-09,S,F,30000,1,1,0
11354,8,Deanna,NULL,Suarez,1947-08-23,M,F,20000,1,1,0
11355,10,Roberto,NULL,Gutierrez,1948-06-26,M,M,40000,1,1,0
11356,9,Terrence,NULL,Carson,1985-11-24,S,M,10000,0,0,1
11357,9,Ramon,NULL,Ye,1984-09-19,S,M,10000,0,0,1
11358,9,Cynthia,NULL,Malhotra,1984-05-10,S,F,10000,0,0,1
11359,9,Jarrod,NULL,Prasad,1984-03-03,S,M,10000,0,0,1
11360,9,Tyrone,NULL,Serrano,1984-01-30,S,M,10000,0,1,1
11361,9,Cindy,G,Ramos,1982-10-26,M,F,10000,0,1,2
11362,9,Damien,M,Shan,1983-05-11,M,M,10000,0,0,2
11363,9,Julian,NULL,Ross,1983-04-19,S,M,10000,0,0,2
11364,9,Jennifer,NULL,Collins,1985-03-22,S,F,10000,1,0,0
11365,9,Brittney,NULL,Sun,1984-12-06,S,F,10000,1,0,0
11366,9,Virginia,R,Patel,1985-04-23,M,F,20000,0,1,0
11367,9,Calvin,J,Nara,1984-08-21,M,M,20000,0,1,0
11368,9,Edward,NULL,Miller,1984-05-24,S,M,10000,1,0,0
11369,9,Ashlee,D,Tang,1984-02-01,M,F,20000,0,0,0
11370,9,Alicia,NULL,Xu,1983-09-29,M,F,20000,0,1,0
11371,9,Lacey,C,Jai,1983-11-24,M,F,20000,0,1,0
11372,9,Wendy,H,Romero,1983-11-12,S,F,20000,0,1,0
11373,8,Carly,H,Luo,1954-09-16,M,F,30000,1,1,0
11374,8,Jimmy,M,Ortega,1948-12-25,S,M,30000,1,1,0
11375,10,Francisco,NULL,Martinez,1948-11-05,M,M,30000,1,1,0
11376,10,Lance,NULL,Vazquez,1948-12-07,S,M,40000,1,1,0
11377,8,David,R.,Robinett,1966-08-23,M,M,30000,4,1,0
11378,7,Shannon,NULL,Liang,1965-11-19,S,F,10000,1,0,1
11379,7,Gary,NULL,Vazquez,1976-05-13,M,M,10000,1,1,1
11380,8,Mitchell,L,Kumar,1964-08-29,S,M,20000,2,1,1
11381,10,Meredith,NULL,Raman,1970-08-18,M,F,20000,2,1,1
11382,7,Edward,NULL,Patterson,1974-07-15,M,M,20000,2,1,1
11383,7,Marie,NULL,Gill,1966-02-25,M,F,30000,3,1,0
11384,7,Tiffany,E,Wang,1971-10-13,M,F,30000,3,1,0
11385,10,Miguel,C,Allen,1971-08-08,S,M,30000,3,1,0
11386,8,Jaclyn,NULL,Cai,1971-11-02,M,F,30000,3,1,0
11387,10,Megan,C,Ramirez,1964-11-29,S,F,40000,3,1,0
11388,10,Joseph,NULL,Martin,1965-01-20,M,M,40000,3,1,0
11389,8,Karl,J,Shan,1981-04-20,S,M,10000,1,0,1
11390,7,Christine,J,Raji,1976-04-17,S,F,10000,1,0,1
11391,8,Lindsay,T,Xie,1976-06-25,S,F,10000,2,1,0
11392,8,Willie,NULL,Zhao,1981-02-03,S,M,10000,2,1,0
11393,7,Kurt,B,Pal,1974-07-17,S,M,10000,2,1,0
11394,10,George,NULL,McDonald,1975-04-22,S,M,10000,2,1,0
11395,8,Beth,C,Gutierrez,1976-04-16,S,F,30000,0,1,0
11396,8,Ian,G,Lopez,1975-04-04,M,M,10000,2,0,1
11397,7,Latoya,R,Shan,1974-12-02,S,F,20000,0,0,1
11398,10,Colin,N,Nath,1975-03-09,S,M,30000,0,1,0
11399,7,Brenda,F,Mehta,1975-02-01,S,F,30000,1,1,0
11400,10,Franklin,NULL,Raji,1980-04-15,S,M,40000,0,1,0
11401,7,Linda,NULL,Navarro,1975-02-23,M,F,40000,0,1,0
11402,7,Kelli,R,Cai,1975-05-20,M,F,40000,0,1,0
11403,7,Nancy,NULL,Schmidt,1980-01-06,S,F,40000,0,1,0
11404,8,Megan,E,Taylor,1957-06-30,S,F,10000,3,0,2
11405,8,Bonnie,NULL,Goel,1957-08-16,S,F,10000,3,0,2
11406,7,Latoya,L,Xu,1957-12-31,M,F,20000,2,1,1
11407,8,Mario,NULL,She,1957-09-30,M,M,20000,2,1,1
11408,10,Darren,M,Gill,1964-05-10,M,M,10000,2,0,2
11409,7,Jacqueline,H,Hayes,1979-03-02,S,F,10000,2,1,1
11410,7,Maurice,NULL,Goel,1974-02-22,M,M,20000,1,1,0
11411,8,Devin,A,Ross,1959-08-12,M,M,80000,3,0,1
11412,8,Sydney,S,Bryant,1959-10-07,S,F,80000,4,1,1
11413,10,Megan,L,Stewart,1959-10-13,M,F,80000,4,0,1
11414,10,Ian,NULL,Richardson,1959-09-15,S,M,80000,4,1,1
11415,8,Randy,H,She,1949-12-03,S,M,90000,5,0,2
11416,7,Katrina,NULL,Becker,1950-09-16,M,F,60000,3,1,4
11417,7,Lacey,C,Zheng,1950-08-26,M,F,70000,5,1,2
11418,8,Rafael,J,Hu,1950-08-09,S,M,90000,5,0,2
11419,10,Kyle,D,Scott,1950-08-18,M,M,150000,3,1,4
11420,7,Jordan,C,Turner,1952-01-09,M,M,100000,2,1,4
11421,8,Amy,C,Sun,1952-01-16,M,F,110000,3,1,4
11422,10,Dustin,F,Deng,1952-02-29,M,M,170000,4,1,3
11423,8,Jasmine,NULL,Stewart,1960-05-04,M,F,80000,4,0,1
11424,8,Pamela,S,Garcia,1964-12-03,M,F,80000,4,1,2
11425,7,Ariana,D,Gray,1965-08-02,M,F,90000,4,1,2
11426,8,Kristopher,NULL,Mehta,1959-04-01,M,M,110000,3,1,4
11427,8,Desiree,S,Dominguez,1959-06-17,M,F,110000,2,1,2
11428,8,Deanna,NULL,Perez,1959-02-19,S,F,120000,2,1,2
11429,7,Marco,NULL,Lopez,1958-01-13,M,M,80000,4,1,2
11430,8,Casey,K,Yuan,1957-09-21,M,F,90000,4,1,2
11431,8,Bryant,NULL,Garcia,1974-10-20,M,M,110000,4,1,2
11432,7,Dominique,L,Prasad,1957-03-10,M,F,80000,4,1,2
11433,7,Maurice,M,Shan,1957-03-01,M,M,80000,5,0,2
11434,10,Andre,NULL,Lopez,1962-05-02,M,M,170000,5,1,4
11435,8,Robin,NULL,Romero,1955-09-03,S,F,100000,3,1,4
11436,10,Taylor,NULL,Cox,1956-03-17,M,F,160000,3,0,4
11437,7,Alfredo,NULL,Moreno,1955-06-16,M,M,90000,4,1,3
11438,8,Jenny,NULL,Nara,1955-04-13,M,F,130000,4,1,4
11439,7,Janet,NULL,Munoz,1953-11-14,M,F,90000,4,0,3
11440,7,Sergio,C,Weber,1953-03-26,M,M,80000,5,0,2
11441,7,Erika,NULL,Gomez,1952-12-09,M,F,90000,5,0,2
11442,7,Joseph,D,Harris,1953-05-13,M,M,90000,5,1,2
11443,9,Grace,NULL,Griffin,1981-11-19,S,F,60000,0,0,4
11444,9,Tina,C,Mehta,1981-10-26,M,F,70000,0,1,3
11445,9,Kari,S,Kim,1980-01-18,S,F,70000,0,0,3
11446,9,Bethany,K,Chander,1980-02-09,S,F,70000,0,0,3
11447,9,Jennifer,NULL,Roberts,1980-02-13,M,F,70000,0,1,4
11448,9,Kyle,NULL,Patterson,1980-10-25,S,M,80000,0,1,3
11449,9,Alvin,E,Hu,1980-08-01,M,M,80000,0,1,3
11450,9,Brett,NULL,Mehta,1981-05-11,S,M,130000,4,1,4
11451,9,Ruben,L,MuÃ±oz,1980-05-08,S,M,70000,0,0,4
11452,9,Erika,A,Rubio,1979-05-05,S,F,80000,0,0,3
11453,9,Stanley,H,Malhotra,1984-08-17,S,M,80000,0,0,3
11454,9,Melinda,NULL,Navarro,1979-10-20,S,F,80000,0,0,3
11455,9,Ross,NULL,Sanz,1979-10-19,M,M,100000,0,1,2
11456,9,Jon,C,Gao,1980-01-05,M,M,120000,5,1,4
11457,9,Jaime,C,Gutierrez,1978-11-18,M,F,90000,0,1,3
11458,9,Bianca,K,Liu,1978-10-03,M,F,100000,0,1,2
11459,9,Tasha,NULL,Deng,1978-04-12,S,F,80000,0,0,3
11460,9,Melvin,R,Chande,1983-10-04,S,M,90000,0,0,3
11461,9,Victor,NULL,Jimenez,1977-09-22,S,M,90000,0,0,3
11462,9,Laura,L,Lin,1977-07-18,M,F,110000,0,1,4
11463,9,Alisha,E,Beck,1977-09-09,M,F,110000,0,0,4
11464,9,Alejandro,NULL,Huang,1977-05-15,M,M,90000,0,1,4
11465,9,Louis,NULL,Luo,1976-08-18,M,M,90000,0,0,4
11466,9,Grant,H,Tang,1977-01-30,M,M,150000,0,1,4
11467,9,Arturo,C,Zheng,1975-04-06,M,M,170000,1,1,4
11468,10,Jaclyn,NULL,Andersen,1980-12-15,M,F,40000,1,1,0
11469,10,Edwin,NULL,Raji,1978-10-14,S,M,10000,0,0,2
11470,8,Jay,C,Suarez,1979-03-25,S,M,20000,0,0,2
11471,7,Latasha,NULL,Suarez,1979-03-25,S,F,30000,0,1,1
11472,9,Kenneth,NULL,Kumar,1968-09-30,S,M,60000,3,1,2
11473,7,Grace,M,Henderson,1986-01-30,S,F,20000,0,0,2
11474,10,Melvin,A,Xu,1985-08-21,S,M,20000,0,1,2
11475,10,Cesar,L,Subram,1984-04-07,S,M,30000,0,0,1
11476,10,Erika,K,Navarro,1980-05-16,M,F,40000,1,1,0
11477,8,Tristan,NULL,Hughes,1984-06-21,S,M,30000,0,0,1
11478,7,Billy,C,Hernandez,1984-02-22,S,M,30000,0,0,1
11479,7,Darryl,L,Wu,1978-10-20,M,M,40000,1,1,0
11480,7,Colleen,A,Ma,1984-03-07,M,F,40000,1,1,0
11481,8,Erica,NULL,Hu,1978-11-20,M,F,40000,1,1,0
11482,10,Adrienne,C,Torres,1978-01-16,S,F,30000,0,0,1
11483,7,Calvin,E,Chande,1983-05-19,M,M,40000,1,1,1
11484,8,Erick,L,Sai,1983-03-03,S,M,40000,2,1,0
11485,10,Donald,NULL,Chandra,1978-02-04,M,M,40000,2,0,0
11486,8,Ariana,F,Rogers,1982-05-21,S,F,10000,0,1,2
11487,7,Morgan,C,Jones,1977-01-05,S,F,10000,0,0,2
11488,10,Jermaine,NULL,Lopez,1977-03-20,S,M,20000,0,1,2
11489,10,Deborah,S,Goel,1976-09-03,S,F,20000,0,0,2
11490,7,Danny,NULL,Rubio,1976-07-05,S,M,20000,0,0,2
11491,10,Andre,NULL,Perez,1982-04-02,M,M,20000,0,0,2
11492,8,Terrence,C,Chander,1982-11-15,S,M,30000,0,0,1
11493,10,Dawn,T,Wu,1976-05-31,S,F,40000,2,1,0
11494,10,Jimmy,M,Gutierrez,1976-01-25,S,M,40000,2,1,0
11495,8,Francis,NULL,Jimenez,1977-03-03,S,M,40000,2,1,1
11496,10,Gary,NULL,Ortega,1976-04-15,S,M,40000,2,1,2
11497,10,Katrina,R,Nath,1981-11-22,S,F,40000,2,1,2
11498,6,Arturo,C,Sun,1979-07-15,S,M,40000,3,1,2
11499,4,Pedro,A,Vance,1980-05-13,S,M,40000,3,1,2
11500,6,Sarah,V,Simmons,1980-03-17,S,F,40000,0,1,0
11501,6,Brandy,P,Chandra,1981-01-03,S,F,40000,3,1,2
11502,6,Jared,NULL,Peterson,1980-09-03,S,M,40000,4,1,1
11503,4,Dennis,G,Wu,1936-04-11,M,M,50000,1,1,0
11504,4,Jordan,P,Baker,1936-10-17,M,F,40000,1,1,1
11505,6,Jasmine,A,Powell,1972-01-04,S,F,60000,0,1,0
11506,6,Nicholas,S,Brown,1971-11-14,S,M,60000,0,0,0
11507,6,Isabella,A,Russell,1972-05-19,S,F,60000,0,1,0
11508,1,Elizabeth,R,Wilson,1972-01-04,S,F,60000,0,1,0
11509,4,Roger,NULL,Harui,1964-07-22,M,F,30000,1,1,1
11510,6,Seth,H,Roberts,1959-01-10,M,M,30000,1,1,1
11511,1,Caleb,NULL,Perry,1964-06-10,M,M,30000,1,1,1
11512,6,Natalie,L,Campbell,1976-08-05,S,F,20000,3,1,2
11513,6,Alyssa,A,Howard,1965-09-23,S,F,20000,3,0,2
11514,1,Dalton,NULL,Diaz,1965-04-16,M,M,30000,1,1,1
11515,4,Shannon,H,Huang,1959-08-25,M,F,30000,1,1,1
11516,4,Mya,NULL,Gonzales,1976-10-13,M,F,30000,1,1,1
11517,4,Katherine,A,Bryant,1959-12-18,M,F,40000,1,1,1
11518,1,Edward,NULL,Washington,1960-11-06,M,M,40000,1,1,1
11519,6,Jerome,B,Navarro,1960-09-13,M,M,40000,1,1,1
11520,6,Jada,A,Morgan,1960-10-08,M,F,40000,1,1,1
11521,1,Ariana,NULL,Peterson,1977-12-01,M,F,40000,1,1,1
11522,1,Christian,J,Hughes,1972-06-17,M,M,80000,5,1,0
11523,6,Lucas,V,Taylor,1962-02-07,M,M,40000,1,1,1
11524,4,Alyssa,L,Jackson,1961-07-22,M,F,40000,1,1,1
11525,1,Ariana,NULL,Cook,1961-07-08,M,F,40000,1,1,1
11526,6,Katherine,P,Diaz,1973-01-30,M,F,40000,1,1,1
11527,4,Jenna,J,Green,1961-12-02,M,F,40000,1,1,1
11528,4,Joan,NULL,Washington,1968-08-15,M,F,40000,1,1,1
11529,1,Austin,L,Bryant,1963-05-16,M,M,40000,1,1,1
11530,6,Andrew,C,Martinez,1963-01-23,M,M,40000,1,1,1
11531,4,Nina,R,Yuan,1962-07-07,M,F,40000,1,1,1
11532,1,Lauren,NULL,Miller,1962-08-26,M,F,40000,1,1,1
11533,5,Ebony,E,Gill,1968-07-17,M,F,40000,1,1,1
11534,4,Cameron,M,Lewis,1964-05-12,S,M,60000,4,1,0
11535,1,Devin,NULL,Nelson,1963-12-31,M,M,60000,4,1,0
11536,4,Logan,J,Chow,1969-04-13,M,M,60000,4,1,0
11537,4,Dakota,NULL,Ross,1963-09-21,M,M,60000,4,1,0
11538,4,Nicole,B,Taylor,1965-02-24,S,F,60000,4,0,0
11539,4,Justin,NULL,Washington,1970-08-18,M,M,60000,4,1,0
11540,4,Alberto,C,Navarro,1970-01-24,S,M,60000,4,1,0
11541,1,Aidan,D,Ross,1964-10-09,S,M,60000,4,0,0
11542,10,Alejandro,L,Tang,1979-09-07,S,M,20000,1,0,0
11543,7,Sheena,NULL,Chande,1973-08-16,M,F,20000,1,1,1
11544,8,Joel,A,Garcia,1979-05-04,M,M,30000,1,1,0
11545,7,Reginald,NULL,Dominguez,1973-09-22,M,M,30000,1,1,0
11546,7,Christine,NULL,Chande,1973-09-11,M,F,30000,1,1,0
11547,7,Cindy,E,Sai,1979-03-05,M,F,40000,0,1,0
11548,10,Raymond,NULL,Sanchez,1974-04-11,S,M,40000,0,1,0
11549,10,Crystal,J,Liang,1979-09-03,M,F,40000,0,1,0
11550,10,Deb,NULL,Torres,1979-08-05,S,F,40000,0,1,0
11551,7,Shannon,NULL,Alvarez,1978-05-21,S,M,10000,3,1,1
11552,8,Eddie,L,Rubio,1972-11-23,S,M,20000,1,0,1
11553,10,Sharon,D,Luo,1973-03-08,M,F,20000,1,1,1
11554,7,Sydney,NULL,Simmons,1932-03-27,S,F,10000,4,1,2
11555,10,Alexandria,R,Henderson,1937-07-04,M,F,40000,1,1,0
11556,10,Lucas,J,Evans,1972-11-10,M,M,20000,1,1,1
11557,10,Felicia,NULL,Ramos,1972-07-14,S,F,30000,1,0,0
11558,10,Ivan,E,Malhotra,1973-02-18,S,M,30000,1,0,0
11559,8,Frederick,M,Subram,1978-12-12,S,M,30000,1,0,1
11560,10,Whitney,NULL,Srini,1978-08-09,S,F,30000,1,0,1
11561,8,Briana,NULL,Dominguez,1972-01-21,S,F,10000,5,1,2
11562,8,Jarrod,NULL,Gonzalez,1971-10-17,M,M,20000,1,1,1
11563,10,Cesar,NULL,Srini,1971-08-01,S,M,20000,1,0,1
11564,8,Jorge,L,Liang,1972-01-09,S,M,20000,1,0,2
11565,10,Erik,S,Diaz,1971-12-30,S,M,20000,2,1,0
11566,7,April,L,Shan,1973-03-01,M,F,40000,0,1,0
11567,8,Carla,NULL,Perez,1978-09-19,M,F,40000,0,1,0
11568,10,Alexia,NULL,Foster,1972-04-21,S,F,20000,2,1,0
11569,10,Troy,NULL,Malhotra,1977-05-06,M,M,30000,1,1,1
11570,8,Kristin,K,Andersen,1971-07-22,M,F,30000,1,1,2
11571,7,Joel,NULL,Sai,1971-11-15,M,M,30000,1,1,2
11572,7,Billy,NULL,Moreno,1977-03-11,M,M,30000,1,1,2
11573,10,Meagan,W,Subram,1976-11-11,S,F,20000,2,1,1
11574,10,Karla,V,Luo,1971-01-14,S,F,20000,2,1,1
11575,10,Jackson,NULL,Campbell,1970-10-19,S,M,20000,2,1,2
11576,7,Micah,V,Zhu,1970-08-10,M,M,30000,1,1,2
11577,7,Janet,NULL,Serrano,1971-04-21,M,F,30000,1,1,2
11578,7,Trisha,NULL,Huang,1970-05-08,S,F,10000,3,1,2
11579,10,Clayton,NULL,Beck,1981-02-13,S,M,20000,3,1,1
11580,10,Melvin,NULL,Raje,1939-03-12,M,M,30000,1,1,1
11581,7,Cindy,NULL,Jordan,1972-03-03,M,F,40000,0,1,0
11582,7,Claudia,E,Ma,1974-04-09,S,F,30000,2,1,0
11583,7,Karla,M,Xu,1971-03-26,S,F,30000,2,1,0
11584,8,Devin,J,Carter,1971-05-22,M,M,40000,1,1,0
11585,10,Kari,L,Perez,1976-03-04,M,F,40000,1,1,0
11586,10,Alberto,NULL,Romero,1971-06-14,M,M,40000,1,1,0
11587,7,Kevin,NULL,Bryant,1975-10-18,S,M,30000,2,1,2
11588,7,Candace,NULL,Mehta,1970-01-11,M,F,30000,2,0,2
11589,10,Ebony,NULL,Malhotra,1975-05-01,M,F,40000,1,1,0
11590,7,Erika,F,Diaz,1980-04-12,S,F,30000,2,1,2
11591,7,Stacey,W,Lu,1968-11-12,S,F,30000,3,1,0
11592,7,Darrell,T,Raji,1984-03-03,S,M,20000,0,0,1
11593,7,Armando,NULL,Moreno,1982-09-22,S,M,20000,0,1,1
11594,7,Corey,NULL,Goel,1985-05-03,S,M,20000,4,1,2
11595,8,Sebastian,NULL,Howard,1984-12-29,S,M,20000,5,1,3
11596,10,Roger,E,Raje,1969-03-02,M,M,40000,1,1,0
11597,7,Janelle,C,Chandra,1983-08-06,S,F,30000,3,1,2
11598,8,Meredith,B,Ruiz,1983-12-30,S,F,30000,3,1,3
11599,7,Melody,NULL,Diaz,1983-03-16,S,F,20000,0,0,1
11600,7,Linda,D,Rubio,1982-10-05,S,F,30000,0,0,1
11601,7,Ivan,S,Raman,1983-02-18,S,M,30000,0,1,1
11602,8,Larry,NULL,Gill,1982-10-11,S,M,30000,0,0,1
11603,10,Geoffrey,NULL,Gonzalez,1982-08-06,S,M,30000,0,0,1
11604,10,Edgar,NULL,Sanchez,1982-12-01,S,M,30000,0,1,1
11605,8,Heidi,L,Subram,1982-05-20,S,F,20000,0,0,1
11606,7,Melody,NULL,Ramos,1986-01-30,S,F,10000,0,0,2
11607,7,Clinton,H,Moreno,1986-05-05,S,M,20000,0,1,1
11608,7,Cesar,E,Madan,1981-09-01,S,M,20000,0,0,1
11609,10,Eugene,E,Ye,1981-12-24,S,M,30000,0,0,1
11610,10,Blake,NULL,Collins,1980-10-20,S,M,30000,0,0,1
11611,7,Ernest,NULL,Lin,1985-02-23,M,M,20000,0,0,1
11612,10,Keith,NULL,Andersen,1985-10-07,S,M,20000,0,0,2
11613,8,Meredith,M,Prasad,1981-05-02,S,F,30000,0,0,1
11614,8,Katrina,M,Sharma,1981-02-13,S,F,30000,0,0,1
11615,10,Dwayne,H,Navarro,1981-05-20,M,M,40000,1,1,0
11616,10,Casey,NULL,Nath,1980-09-05,M,F,40000,1,1,0
11617,4,Sean,NULL,Brooks,1964-10-01,S,M,60000,4,0,0
11618,6,Brian,M,Ramirez,1964-10-21,M,M,60000,4,1,0
11619,6,Sierra,J,Young,1978-10-29,S,F,50000,0,1,0
11620,1,Megan,M,Rodriguez,1978-10-18,S,F,50000,0,1,0
11621,1,Leah,R,She,1978-08-19,S,F,50000,0,0,0
11622,1,Gabriel,NULL,Allen,1979-06-16,M,M,50000,0,1,0
11623,4,Angela,NULL,Perry,1978-12-25,S,F,50000,1,1,0
11624,4,Ryan,C,Smith,1984-03-19,S,M,50000,1,1,0
11625,4,Zachary,S,Moore,1978-07-19,M,M,50000,1,1,0
11626,4,Destiny,NULL,Rogers,1978-12-12,M,F,50000,1,1,0
11627,4,Dalton,NULL,Gray,1978-08-27,M,M,60000,1,1,0
11628,4,Mariah,M,Wood,1977-11-14,S,F,40000,1,1,0
11629,4,Isaiah,D,Wright,1976-08-07,S,M,40000,4,1,3
11630,1,Haley,NULL,Powell,1977-06-23,M,F,60000,1,1,0
11631,6,Antonio,C,Bennett,1976-08-12,M,M,60000,1,1,0
11632,6,Alexandra,D,Jenkins,1982-05-02,M,F,60000,1,1,0
11633,1,Thomas,NULL,Anderson,1977-11-23,M,M,40000,1,1,0
11634,1,Samuel,NULL,Collins,1977-12-10,M,M,60000,1,1,0
11635,4,Darrell,NULL,Chande,1983-08-11,M,M,60000,1,1,0
11636,4,Kimberly,K,Cox,1978-06-21,S,F,60000,1,1,0
11637,4,Morgan,NULL,Hernandez,1983-08-11,M,F,70000,1,1,0
11638,4,Antonio,E,Powell,1977-09-09,M,M,70000,1,1,0
11639,4,Angelica,NULL,Perry,1978-06-22,M,F,70000,1,1,0
11640,6,Chloe,A,Wilson,1975-10-31,M,F,50000,1,1,0
11641,6,James,D,Chen,1976-02-09,M,M,50000,1,1,0
11642,6,Morgan,T,Hughes,1976-06-24,M,F,50000,1,1,1
11643,1,Naomi,L,Munoz,1976-01-24,M,F,50000,1,1,1
11644,1,Charles,S,Torres,1975-04-06,S,M,40000,2,1,0
11645,1,Gabriella,M,Turner,1975-04-18,S,F,40000,2,1,0
11646,1,Anna,A,Foster,1980-03-15,S,F,40000,2,1,0
11647,6,Randy,J,Wu,1975-03-22,S,M,40000,2,0,0
11648,4,Kevin,R,Scott,1980-04-12,S,M,60000,1,1,0
11649,4,Ian,M,White,1980-01-23,M,M,60000,1,1,0
11650,4,Caleb,NULL,Hayes,1975-01-23,M,M,60000,1,1,0
11651,6,Patricia,NULL,Garcia,1982-12-13,M,F,60000,1,1,0
11652,6,Samuel,V,Russell,1982-05-01,M,M,60000,1,1,0
11653,1,Sydney,NULL,Peterson,1982-06-04,S,F,60000,1,1,0
11654,4,Ariana,C,Sanchez,1977-03-18,M,F,60000,1,1,0
11655,4,Tamara,NULL,Sharma,1982-03-28,S,F,70000,2,1,0
11656,4,Katelyn,K,Perez,1977-03-19,M,F,70000,3,1,0
11657,4,Megan,A,Cox,1976-10-31,M,F,70000,3,1,0
11658,4,Robert,NULL,Mitchell,1985-08-03,M,M,60000,1,1,0
11659,6,Miguel,NULL,Adams,1974-10-20,S,M,60000,1,1,0
11660,6,Miranda,NULL,Gonzales,1980-01-19,M,F,60000,1,1,0
11661,6,Jeremiah,S,James,1981-01-03,S,M,60000,1,1,0
11662,1,Ethan,NULL,Kumar,1976-01-01,S,M,60000,2,1,0
11663,1,Seth,A,Williams,1975-08-25,M,M,70000,4,1,0
11664,4,Alyssa,L,Morgan,1975-08-09,S,F,70000,4,1,0
11665,4,Janet,NULL,Dominguez,1976-06-11,M,F,70000,4,1,0
11666,4,Angel,NULL,Baker,1981-12-13,M,M,80000,2,1,0
11667,1,Blake,S,Moore,1972-12-18,M,M,70000,2,1,1
11668,4,Jada,C,Collins,1984-03-02,S,F,70000,2,1,1
11669,1,Isabella,NULL,Simmons,1978-10-17,S,F,70000,2,1,1
11670,4,Jacqueline,NULL,Perry,1973-04-15,S,F,70000,2,1,1
11671,4,Jessica,L,Brown,1971-11-15,S,F,60000,3,0,0
11672,4,Chad,C,Jai,1972-03-20,M,M,60000,3,1,1
11673,1,Susan,C,Ye,1977-02-03,S,F,60000,3,1,1
11674,4,Morgan,B,Rogers,1972-02-15,M,F,60000,0,1,0
11675,1,Devin,J,Martinez,1977-01-29,S,M,70000,4,1,0
11676,3,Alan,NULL,Hu,1971-08-13,M,M,80000,0,1,0
11677,6,Charles,NULL,Walker,1980-10-10,S,M,60000,2,1,0
11678,1,Johnny,A,Chavez,1974-07-28,M,M,70000,5,1,0
11679,1,Dalton,W,Richardson,1974-11-05,M,M,70000,5,1,2
11680,1,Kaylee,E,Nelson,1975-03-04,M,F,70000,5,1,2
11681,1,Abigail,E,Jones,1975-02-04,M,F,70000,5,1,2
11682,1,Kaitlyn,NULL,Hall,1980-03-12,M,F,70000,5,0,2
11683,4,Greg,M,Taylor,1974-07-05,M,M,80000,2,1,0
11684,1,Devin,NULL,Parker,1971-03-31,S,M,40000,0,0,1
11685,1,Jose,A,Griffin,1970-08-07,M,M,40000,0,0,1
11686,4,Luke,C,Edwards,1976-04-09,S,M,40000,0,0,1
11687,4,Cody,NULL,Torres,1976-07-09,S,M,40000,0,0,1
11688,1,Victoria,A,Morris,1976-12-21,S,F,80000,3,1,2
11689,1,Ian,D,Diaz,1971-03-06,M,M,80000,3,1,2
11690,1,Caroline,NULL,Butler,1976-01-10,M,F,60000,0,1,0
11691,4,Kaitlyn,NULL,Wilson,1974-12-30,S,F,40000,0,0,1
11692,4,Caleb,A,Gonzales,1969-12-17,M,M,40000,0,0,1
11693,6,Hailey,W,Diaz,1975-09-21,S,F,50000,4,0,2
11694,4,Jonathon,L,Ortega,1969-09-21,M,M,50000,4,1,4
11695,4,Logan,NULL,Campbell,1969-07-10,M,M,50000,5,1,3
11696,1,Mackenzie,T,Campbell,1975-04-02,S,F,50000,5,1,3
11697,4,Eduardo,NULL,Lee,1975-06-21,M,M,50000,4,1,2
11698,6,Jackson,NULL,Wright,1975-11-22,M,M,50000,4,1,2
11699,1,Chase,NULL,Peterson,1968-09-12,S,M,60000,4,0,2
11700,4,Xavier,NULL,Richardson,1969-05-24,S,M,60000,4,0,2
11701,4,David,NULL,Hayes,1985-08-16,M,M,60000,4,1,2
11702,4,Jenny,S,Zhou,1974-10-13,S,F,60000,4,1,2
11703,4,Kaylee,NULL,Baker,1973-12-22,S,F,60000,0,0,1
11704,4,Evan,G,Hernandez,1973-11-29,S,M,60000,0,0,1
11705,4,Brooke,NULL,Richardson,1979-05-18,S,F,60000,2,1,0
11706,4,Blake,M,Perez,1968-08-13,M,M,60000,4,1,2
11707,4,Natalie,NULL,Cook,1969-06-20,S,F,60000,4,1,3
11708,4,Elizabeth,NULL,Weisman,1974-09-15,S,F,60000,4,1,3
11709,6,Hailey,NULL,Collins,1968-08-18,S,F,60000,3,0,0
11710,4,Zoe,R,Ramirez,1967-09-17,M,F,40000,3,1,2
11711,6,Daniel,NULL,Davis,1973-12-04,S,M,70000,1,0,1
11712,6,Shelby,NULL,Rogers,1968-05-02,M,F,70000,1,1,1
11713,1,Kyle,C,Zhang,1967-09-17,M,M,70000,1,1,1
11714,4,Alexandria,E,Long,1968-04-16,M,F,70000,1,1,1
11715,4,Chloe,F,Robinson,1968-03-20,M,F,70000,1,1,1
11716,4,Evan,NULL,Kelly,1967-04-20,S,M,40000,4,1,2
11717,1,Marcus,J,Jones,1972-08-29,M,M,60000,1,0,1
11718,1,Sarah,T,Jones,1972-11-10,M,F,60000,1,1,1
11719,6,Blake,P,Green,1971-05-05,M,M,40000,4,1,2
11720,4,Morgan,P,Morris,1965-09-23,M,F,40000,4,1,2
11721,4,Jennifer,A,Alexander,1971-01-18,M,F,40000,4,1,2
11722,1,Julian,S,Hughes,1965-12-30,M,M,60000,1,1,1
11723,6,Luke,A,Coleman,1973-02-17,S,M,70000,0,0,1
11724,6,Jason,NULL,Carter,1972-10-12,S,M,70000,0,0,1
11725,1,Jose,K,Li,1973-03-16,S,M,70000,0,0,1
11726,1,Micah,R,Liang,1973-01-13,S,M,70000,0,0,1
11727,4,Benjamin,NULL,Taylor,1973-01-05,S,M,60000,0,0,1
11728,1,Logan,H,White,1965-07-06,M,M,60000,1,1,1
11729,1,Caleb,NULL,Campbell,1971-05-03,M,M,60000,1,1,1
11730,1,Emma,NULL,Torres,1966-04-01,M,F,60000,1,1,1
11731,4,Tanya,H,Gill,1966-02-16,M,F,60000,1,1,1
11732,2,Erick,NULL,Sanchez,1970-02-04,M,M,60000,1,1,1
11733,4,Kristi,J,Schmidt,1970-07-23,M,F,60000,1,1,1
11734,4,Omar,J,Chen,1970-08-21,M,M,60000,1,0,1
11735,1,Sydney,K,Gray,1964-07-21,M,F,60000,1,1,1
11736,4,Sebastian,NULL,Sanchez,1970-09-21,M,M,60000,1,0,1
11737,4,Megan,A,Martin,1970-02-04,M,F,60000,4,1,0
11738,6,Elijah,NULL,Alexander,1970-10-05,M,M,60000,4,1,0
11739,6,Aaron,L,King,1964-11-10,M,M,70000,2,1,1
11740,6,Jan,M,Hall,1964-10-21,M,F,70000,5,0,3
11741,4,Tamara,L,Chander,1965-01-22,M,F,80000,4,1,0
11742,4,Edward,NULL,Lewis,1964-05-01,S,M,60000,3,0,1
11743,4,Chase,E,Kelly,1974-09-09,M,M,60000,1,1,1
11744,4,Stephanie,D,Campbell,1964-03-06,M,F,60000,1,1,1
11745,1,Allison,NULL,Gonzalez,1964-04-11,M,F,60000,1,1,1
11746,1,Seth,NULL,Brooks,1964-05-30,S,M,60000,1,1,1
11747,1,Destiny,NULL,Davis,1963-08-09,M,F,70000,5,1,1
11748,6,Blake,NULL,Hill,1964-01-15,M,M,70000,5,1,1
11749,9,Eduardo,C,Jackson,1980-09-09,M,M,80000,4,0,1
11750,9,Latoya,A,She,1984-09-17,M,F,60000,2,1,1
11751,9,Victoria,NULL,Gonzales,1976-01-14,M,F,80000,4,1,1
11752,9,Lauren,NULL,Bryant,1981-05-03,M,F,80000,4,1,1
11753,9,Felicia,J,Ortega,1975-09-15,M,F,80000,4,1,1
11754,9,Janet,L,Ortega,1976-01-05,M,F,90000,2,1,0
11755,9,Willie,J,Pal,1973-11-12,M,M,60000,2,1,1
11756,9,Linda,C,Ortega,1974-03-13,S,F,60000,2,0,1
11757,9,Vincent,L,Cai,1979-05-11,M,M,70000,5,1,3
11758,9,Colin,NULL,Yuan,1979-12-19,M,M,70000,5,1,3
11759,9,Dawn,L,Nath,1980-11-18,M,F,110000,1,0,1
11760,9,Melody,R,Moreno,1973-04-25,M,F,70000,5,1,4
11761,9,Edgar,NULL,Mehta,1972-10-16,S,M,70000,5,1,4
11762,9,Randall,R,Gomez,1984-02-17,M,M,70000,5,1,4
11763,9,Ross,R,Fernandez,1972-08-10,M,M,80000,5,1,2
11764,9,Jessie,R,Ramos,1973-01-13,S,F,80000,5,1,3
11765,9,Marc,NULL,Torres,1983-04-06,M,M,80000,5,1,3
11766,9,Candace,M,Raman,1972-01-01,S,F,90000,0,0,0
11767,9,Meagan,NULL,Madan,1977-05-20,S,F,90000,0,0,0
11768,9,Clayton,NULL,Nara,1983-04-03,M,M,90000,2,1,0
11769,6,Haley,L,Hernandez,1979-02-14,S,F,50000,0,1,0
11770,1,Peter,T,Nara,1979-02-20,S,M,50000,0,0,0
11771,1,Isaac,D,Rivera,1979-04-07,S,M,50000,0,0,0
11772,1,Cameron,M,Moore,1984-01-21,M,M,50000,1,1,0
11773,4,Gavin,E,Diaz,1979-01-03,S,M,50000,1,1,0
11774,4,Emma,NULL,Sanchez,1978-10-10,M,F,50000,1,1,0
11775,4,Sierra,NULL,Roberts,1978-11-22,S,F,50000,1,1,0
11776,4,Seth,A,Mitchell,1978-12-31,M,M,50000,1,1,0
11777,4,Miranda,NULL,Long,1978-01-21,S,F,40000,1,1,0
11778,1,Haley,A,Henderson,1976-09-17,S,F,60000,1,1,0
11779,1,Sarah,P,Jackson,1977-01-15,S,F,60000,1,1,0
11780,1,Jessica,K,Alexander,1977-05-19,S,F,60000,1,1,0
11781,4,Carlos,NULL,Gray,1976-09-06,M,M,60000,1,1,0
11782,4,Barbara,K,Jai,1982-03-13,M,F,60000,1,1,0
11783,4,Sara,A,Mitchell,1982-11-13,M,F,60000,1,1,0
11784,6,Jose,NULL,Turner,1978-06-18,M,M,40000,1,1,0
11785,1,Theodore,D,Diaz,1983-02-21,M,M,40000,1,1,0
11786,1,Ian,G,Murphy,1978-03-13,S,M,60000,1,1,0
11787,4,Jerry,NULL,Nath,1978-03-05,M,M,60000,1,1,0
11788,4,Destiny,A,James,1977-08-18,S,F,70000,1,1,0
11789,4,Bailey,NULL,Phillips,1981-02-16,M,F,50000,1,1,0
11790,4,Timothy,C,Gonzalez,1981-05-17,M,M,50000,1,1,0
11791,1,Chase,D,Morgan,1975-10-19,M,M,60000,1,1,0
11792,4,Alexia,J,Perry,1974-11-24,M,F,40000,1,1,1
11793,4,Xavier,G,Rogers,1980-03-16,M,M,40000,1,1,1
11794,4,Lauren,NULL,Ross,1975-05-01,S,F,40000,2,1,0
11795,4,Nicole,NULL,Thomas,1974-08-15,S,F,40000,2,1,0
11796,4,Isabel,C,Jenkins,1985-08-03,S,F,40000,2,0,0
11797,4,Devin,R,Coleman,1980-03-03,S,M,40000,2,1,0
11798,1,Brendan,Q,Chande,1974-08-12,M,M,40000,2,1,0
11799,1,Jessie,B,Wang,1980-09-09,M,M,40000,2,1,0
11800,1,Jennifer,M,Baker,1975-05-07,M,F,60000,1,1,0
11801,1,Aaron,J,Sharma,1975-03-16,M,M,60000,1,1,0
11802,6,Madison,A,Taylor,1977-02-05,M,F,60000,1,1,0
11803,1,Jan,L,Hernandez,1977-03-11,S,F,60000,1,1,0
11804,1,Haley,M,Turner,1976-10-15,M,F,60000,1,1,0
11805,4,Richard,M,Green,1976-09-08,M,M,70000,2,1,0
11806,4,Jennifer,S,Stewart,1982-08-06,M,F,70000,2,1,0
11807,4,Lucas,NULL,Baker,1977-03-03,M,M,70000,3,1,0
11808,6,James,NULL,Parker,1974-10-10,M,M,60000,1,1,0
11809,4,Juan,NULL,Gray,1973-07-01,M,M,60000,2,1,0
11810,1,Antonio,K,Washington,1978-01-03,S,M,40000,0,0,1
11811,4,Abigail,C,Brooks,1978-06-11,S,F,40000,0,1,1
11812,1,Andrew,N,Rodriguez,1973-03-21,M,M,40000,0,0,1
11813,1,Mary,NULL,Patterson,1973-05-11,M,F,40000,0,0,1
11814,1,Dalton,L,Morgan,1976-01-05,M,M,60000,2,1,0
11815,1,Hannah,J,Patterson,1981-04-20,M,F,70000,3,1,0
11816,4,Joe,A,Torres,1981-10-19,M,M,70000,4,1,0
11817,4,Morgan,C,Miller,1981-11-23,S,F,70000,4,1,0
11818,4,Daniel,C,Garcia,1975-10-20,M,M,70000,4,1,0
11819,1,Jose,NULL,Lal,1973-04-08,M,M,70000,2,1,1
11820,6,Katelyn,NULL,Lopez,1977-08-22,M,F,60000,0,1,0
11821,4,Austin,NULL,Johnson,1971-10-13,M,M,60000,0,1,0
11822,4,Rohinton,H,Wadia,1971-12-11,M,F,60000,0,1,0
11823,6,Morgan,NULL,Turner,1977-10-20,M,F,70000,0,1,0
11824,6,Jill,C,Martin,1977-10-03,M,F,70000,4,1,0
11825,4,Aimee,NULL,She,1971-11-15,S,F,70000,5,1,0
11826,4,Jessie,J,Alonso,1971-08-15,M,F,70000,5,1,0
11827,6,Sara,M,Baker,1980-09-16,M,F,60000,2,1,0
11828,1,Katherine,NULL,Martinez,1980-06-04,M,F,70000,5,1,2
11829,1,Sophia,NULL,Campbell,1975-05-02,M,F,70000,5,1,2
11830,4,Taylor,N,Garcia,1974-07-15,M,F,80000,3,1,0
11831,4,Christian,NULL,Ross,1975-05-24,M,M,80000,3,1,0
11832,1,Zoe,NULL,Murphy,1976-04-01,S,F,40000,0,0,1
11833,6,Oscar,G,Price,1982-01-16,M,M,80000,3,1,1
11834,4,Fernando,M,Flores,1982-04-20,S,M,80000,3,0,1
11835,6,Elijah,M,Russell,1970-12-17,S,M,80000,3,1,2
11836,1,Garrett,NULL,Travers,1970-10-25,M,M,80000,3,1,2
11837,4,Haley,NULL,Alexander,1976-08-05,S,F,80000,3,1,2
11838,1,Justin,J,Rodriguez,1970-08-09,S,M,80000,3,0,2
11839,4,Tyler,NULL,Brown,1976-07-21,S,M,60000,0,1,1
11840,4,Julian,D,Patterson,1976-05-13,M,M,60000,0,1,1
11841,6,Sean,NULL,Nelson,1969-09-13,M,M,40000,0,0,1
11842,1,Justin,NULL,Wilson,1970-04-03,S,M,50000,4,1,3
11843,1,Christy,NULL,Nara,1975-11-08,S,F,50000,4,0,3
11844,4,Michele,J,Alvarez,1969-10-06,S,F,50000,4,1,3
11845,6,Natalie,A,Jones,1930-02-15,S,F,30000,2,0,2
11846,4,Savannah,A,Reed,1969-12-13,S,F,50000,4,1,2
11847,1,Cassidy,NULL,Diaz,1970-05-31,S,F,50000,4,0,2
11848,1,Joshua,C,Lewis,1975-02-24,M,M,50000,4,1,2
11849,4,Faith,C,Reed,1970-03-13,S,F,50000,4,1,2
11850,4,Brooke,C,Ramirez,1980-09-16,S,F,50000,4,1,2
11851,4,Jada,NULL,Mitchell,1969-03-07,S,F,60000,4,1,2
11852,4,Kyle,M,Russell,1969-04-23,S,M,60000,4,0,2
11853,4,Grace,NULL,Jones,1979-11-15,S,F,60000,0,1,1
11854,4,Jason,K,Mitchell,1973-10-16,S,M,60000,2,0,0
11855,4,Christian,NULL,Walker,1974-08-09,M,M,60000,4,1,4
11856,1,Seth,M,Hernandez,1969-02-13,M,M,60000,3,1,0
11857,1,Isabella,NULL,Young,1974-03-08,S,F,60000,3,0,0
11858,4,Jordan,A,Coleman,1968-06-05,M,M,40000,3,1,2
11859,1,Blake,J,Garcia,1968-03-08,M,M,70000,1,1,1
11860,4,Nicole,NULL,Walker,1967-07-09,M,F,70000,1,1,1
11861,6,Katherine,NULL,Carter,1967-10-22,M,F,70000,1,1,1
11862,1,Olivia,NULL,Peterson,1972-09-11,S,F,40000,4,1,2
11863,1,Jessica,NULL,Wood,1967-04-10,M,F,60000,1,1,1
11864,1,Elizabeth,W,Thompson,1967-03-06,M,F,60000,1,1,1
11865,4,Chloe,R,Rivera,1966-08-06,M,F,60000,1,1,1
11866,4,Lucas,L,Scott,1966-12-30,M,M,60000,1,0,1
11867,4,Nathaniel,C,James,1971-04-21,M,M,40000,4,1,2
11868,6,Jessica,M,Peterson,1973-01-31,S,F,70000,0,1,1
11869,6,Kaitlyn,A,Adams,1984-05-01,S,F,70000,0,0,1
11870,1,Jillian,NULL,Garcia,1978-07-10,S,F,70000,0,0,1
11871,1,Dalton,L,Bennett,1978-08-12,S,M,70000,0,0,1
11872,4,Faith,L,Patterson,1978-07-17,S,F,60000,0,0,1
11873,4,Ryan,NULL,Zhang,1972-10-09,M,M,60000,0,0,1
11874,4,Adrian,NULL,Bell,1978-03-06,S,M,60000,0,0,1
11875,6,Jonathan,NULL,Brown,1966-01-31,M,M,60000,1,0,1
11876,4,Madison,L,White,1966-05-13,M,F,60000,1,1,1
11877,4,Alexis,NULL,Diaz,1966-04-06,M,F,60000,1,1,1
11878,1,Christine,NULL,Nara,1971-02-04,M,F,60000,1,1,1
11879,1,Edgar,NULL,Sai,1971-09-30,M,M,60000,1,1,1
11880,1,Melissa,NULL,Sanchez,1965-02-16,M,F,60000,1,1,1
11881,4,Richard,T,Mitchell,1965-01-20,M,M,60000,4,1,0
11882,1,Patrick,L,Stewart,1975-09-05,M,M,60000,4,1,0
11883,1,Hannah,C,Anderson,1965-02-10,M,F,70000,5,1,3
11884,1,Latoya,S,Shen,1970-04-22,M,F,80000,5,1,0
11885,4,Kurt,NULL,Sharma,1970-09-21,M,M,80000,2,1,0
11886,4,Katelyn,NULL,Parker,1963-07-20,M,F,60000,3,1,1
11887,4,Joseph,NULL,White,1963-10-03,M,M,60000,1,1,1
11888,6,Aaron,N,Ross,1969-12-18,M,M,60000,1,1,1
11889,1,Blake,NULL,Patterson,1963-11-25,S,M,60000,1,1,1
11890,4,Whitney,NULL,Lopez,1964-05-14,M,F,70000,5,1,1
11891,4,Jamie,E,Liang,1969-09-13,M,F,70000,5,1,2
11892,9,Julio,M,Ortega,1975-04-07,M,M,90000,1,1,0
11893,9,Orlando,J,Carlson,1974-08-09,M,M,90000,2,1,0
11894,9,Ann,NULL,Gonzalez,1980-04-30,M,F,100000,1,1,0
11895,9,Dustin,NULL,Chander,1975-01-18,M,M,100000,1,1,0
11896,9,Frank,NULL,Carlson,1975-05-18,M,M,100000,1,1,0
11897,9,Orlando,I,Ashe,1974-05-28,S,M,60000,2,0,1
11898,9,Angela,T,Henderson,1975-12-31,M,F,80000,4,1,1
11899,9,Brenda,NULL,Perez,1976-03-15,S,F,80000,4,1,1
11900,9,Byron,NULL,Carlson,1981-03-03,S,M,90000,2,1,0
11901,9,Stacy,NULL,Alvarez,1973-08-18,S,F,60000,2,0,1
11902,9,Drew,NULL,Pal,1972-09-14,M,M,70000,5,1,3
11903,9,Kate,L,Raji,1985-10-21,S,F,110000,1,1,0
11904,9,Kaylee,NULL,Cook,1986-05-05,S,F,110000,1,1,1
11905,9,Isaiah,NULL,Ramirez,1974-12-14,S,M,110000,1,1,1
11906,9,Gabriella,NULL,Sanders,1972-08-17,M,F,80000,5,1,3
11907,9,Sarah,NULL,Garcia,1973-03-07,S,F,80000,5,1,3
11908,9,Rafael,A,Tang,1972-01-08,S,M,80000,5,1,3
11909,9,Nichole,M,She,1971-08-10,M,F,80000,5,0,3
11910,9,Jaclyn,F,Zheng,1971-12-10,M,F,80000,5,1,3
11911,9,Rachael,D,Kapoor,1972-05-15,M,F,80000,5,1,3
11912,9,Rachael,NULL,Sai,1971-06-16,S,F,60000,3,1,1
11913,9,Rebecca,A.,Robinson,1970-12-09,M,F,60000,3,1,1
11914,9,Meagan,M,Rana,1979-05-05,S,F,70000,0,0,1
11915,9,Philip,P,Carlson,1973-09-13,S,M,70000,0,1,1
11916,9,Joe,D,Rana,1976-09-03,S,M,70000,0,0,1
11917,9,Roy,R,Sanz,1971-04-21,S,M,70000,0,1,1
11918,9,Kaylee,L,Hill,1969-08-31,M,F,60000,3,1,2
11919,9,Warren,NULL,Andersen,1969-08-17,M,M,60000,4,1,2
11920,9,Adrienne,NULL,Gomez,1975-02-24,S,F,60000,4,1,3
11921,9,Gilbert,NULL,Zhu,1970-06-22,M,M,60000,4,1,3
11922,6,James,NULL,Davis,1985-02-13,S,M,90000,4,0,2
11923,4,Sarah,NULL,Bryant,1985-04-21,M,F,60000,0,0,1
11924,4,Ian,C,Long,1985-04-23,S,M,60000,0,0,1
11925,1,Ashlee,NULL,Jai,1984-05-05,S,F,40000,0,1,1
11926,1,Eduardo,NULL,Foster,1983-09-15,S,M,40000,0,0,1
11927,1,Nicole,D,Murphy,1984-01-21,S,F,40000,0,0,1
11928,4,Isabella,M,Morris,1984-03-06,M,F,60000,0,1,2
11929,9,Virginia,NULL,Gonzalez,1962-08-08,S,F,30000,2,1,2
11930,9,Jaclyn,M,Nara,1952-10-31,M,F,20000,4,0,2
11931,4,Marcus,M,Adams,1984-05-12,S,M,70000,0,1,2
11932,4,Elizabeth,NULL,Coleman,1984-02-08,M,F,70000,0,0,2
11933,1,Mathew,NULL,Rubio,1982-09-01,S,M,40000,0,0,2
11934,1,Justin,L,Shan,1983-04-13,S,M,40000,0,1,2
11935,1,Jessica,NULL,Taylor,1983-05-19,S,F,30000,0,1,1
11936,1,Hunter,S,Clark,1982-10-09,M,M,30000,0,1,1
11937,1,Devin,NULL,Perez,1982-12-03,M,M,30000,0,0,2
11938,4,Seth,D,Alexander,1983-03-21,M,M,60000,0,1,2
11939,4,Kevin,C,Washington,1982-12-20,S,M,60000,0,0,2
11940,4,Tyler,E,Miller,1983-01-09,M,M,100000,3,1,3
11941,1,Adam,L,Roberts,1982-05-26,S,M,60000,0,1,2
11942,9,George,L,Gonzalez,1954-12-11,M,M,20000,2,1,2
11943,9,Dawn,E,Huang,1954-08-27,M,F,20000,2,1,2
11944,9,Rachael,M,Rodriguez,1956-04-13,S,F,30000,3,0,2
11945,4,Dennis,NULL,Huang,1986-03-11,M,M,20000,0,0,2
11946,9,Brandy,NULL,Saunders,1956-07-02,S,F,30000,3,1,2
11947,9,Jenny,R,Zheng,1957-04-20,S,F,30000,3,0,2
11948,9,Tasha,E,Xu,1956-10-07,M,F,30000,3,1,2
11949,4,Julia,W,Brooks,1986-05-05,S,F,70000,0,1,2
11950,4,Jordan,NULL,Carter,1985-03-09,M,F,70000,0,1,2
11951,9,Lacey,J,Huang,1958-02-03,M,F,40000,2,1,2
11952,9,Dorothy,B.,Robinson,1960-03-22,S,M,80000,2,0,2
11953,1,Courtney,D,Wright,1981-03-03,S,F,40000,0,0,2
11954,4,Joseph,M,Garcia,1981-02-13,M,M,60000,0,1,2
11955,4,Gabriel,L,Green,1980-10-02,S,M,60000,0,1,2
11956,4,Alexandria,NULL,Sandberg,1985-08-30,S,F,40000,0,1,2
11957,1,Courtney,NULL,Hernandez,1979-02-09,S,F,60000,0,0,2
11958,1,Dylan,D,Lal,1978-07-06,S,M,70000,0,1,2
11959,4,Elizabeth,K,Davis,1978-10-05,S,F,70000,0,0,2
11960,1,Ana,NULL,Griffin,1978-12-31,S,F,70000,0,0,2
11961,4,Anne,A,Alvarez,1978-12-22,S,F,70000,0,1,2
11962,4,Alexandra,NULL,Roberts,1982-05-28,S,F,60000,0,0,2
11963,9,Antonio,G,Patterson,1960-12-10,M,M,80000,2,0,2
11964,9,Sharon,NULL,Salavaria,1967-02-13,S,M,70000,2,0,2
11965,9,Katie,B,She,1962-04-18,S,F,70000,2,1,2
11966,9,Rafael,NULL,Black,1967-02-13,S,M,70000,2,1,2
11967,9,Latasha,NULL,Munoz,1962-08-10,S,F,80000,2,1,2
11968,9,Kelsey,G,Becker,1964-04-19,S,F,130000,0,0,2
11969,9,Randy,S,Xu,1964-01-22,S,M,130000,0,0,2
11970,1,Bailey,NULL,Collins,1984-11-12,S,F,80000,0,0,1
11971,4,Amanda,P,Adams,1979-03-03,S,F,80000,0,0,1
11972,1,Katherine,K,Williams,1979-09-20,M,F,60000,0,0,2
11973,1,Caroline,NULL,Barnes,1979-08-03,S,F,60000,0,0,2
11974,4,Randy,W,Sun,1979-08-07,S,M,60000,0,0,2
11975,4,Destiny,B,Garcia,1980-04-02,S,F,60000,0,0,2
11976,9,Audrey,NULL,Ramos,1970-05-22,S,F,120000,1,0,3
11977,9,Bonnie,NULL,Jai,1964-11-19,M,F,130000,0,1,3
11978,4,Jackson,NULL,Washington,1977-10-18,M,M,130000,0,1,3
11979,6,Christopher,NULL,Johnson,1962-11-05,M,M,80000,2,0,2
11980,4,Kimberly,NULL,Richardson,1963-06-17,S,F,60000,2,0,2
11981,1,Alexandria,NULL,Howard,1962-08-03,S,F,60000,2,0,2
11982,4,Alexandra,NULL,Foster,1962-10-02,S,F,60000,2,1,2
11983,4,Cheryl,NULL,Ortega,1968-02-24,M,F,70000,3,1,0
11984,6,Alex,NULL,Campbell,1962-12-04,M,M,80000,2,1,0
11985,1,Melanie,A,Hughes,1963-05-18,M,F,80000,2,0,1
11986,9,Max,M,Alvarez,1969-01-20,S,M,70000,0,1,1
11987,9,Diane,D,Vazquez,1973-05-26,M,F,90000,4,1,0
11988,9,Kathryn,NULL,Chapman,1968-02-17,S,F,70000,1,1,1
11989,9,Kara,NULL,Anand,1984-03-20,S,F,70000,1,1,1
11990,9,Joanna,J,Vazquez,1968-01-12,S,F,70000,1,1,1
11991,9,Frederick,NULL,Martinez,1968-02-07,M,M,60000,1,1,1
11992,9,Tonya,NULL,Chande,1972-06-09,S,F,60000,1,1,1
11993,9,Rosa,I,Wang,1977-09-12,S,F,60000,1,0,1
11994,9,Leah,NULL,Hu,1977-10-18,S,F,110000,0,0,3
11995,9,Kelvin,A,Carson,1965-12-12,M,M,60000,1,1,1
11996,9,Veronica,NULL,Srini,1966-01-30,S,F,60000,1,1,1
11997,9,Kristina,NULL,Kapoor,1971-04-04,M,F,60000,1,1,1
11998,9,Donna,NULL,Sharma,1966-02-07,M,F,60000,1,1,1
11999,9,Johnny,NULL,Shan,1965-12-03,M,M,60000,1,1,1
